instrument_token,tradingsymbol,name,lot_size,tick_size
3343617,360ONE,360 ONE WAM,1,0.1
121345,3MINDIA,3M INDIA,1,5.0
6074625,AADHARHFC,AADHAR HOUSING FINANCE L,1,0.05
1793,AARTIIND,AARTI INDUSTRIES,1,0.05
1378561,AAVAS,AAVAS FINANCIERS,1,0.1
3329,ABB,ABB INDIA,1,0.5
4583169,ABBOTINDIA,ABBOTT INDIA,1,5.0
5533185,ABCAPITAL,ADITYA BIRLA CAPITAL,1,0.05
6222849,ABDL,ALLIED BLEND N DISTILS L,1,0.05
7707649,ABFRL,ADITYA BIRLA FASHION & RT,1,0.01
193751809,ABLBL,ADITYA BIRLA LIFES BRAN L,1,0.01
160001,ABREL,ADITYA BIRLA REAL EST,1,0.1
1540609,ABSLAMC,ADIT BIRL SUN LIF AMC,1,0.1
5633,ACC,ACC,1,0.1
3478273,ACE,ACTION CONST EQUIP,1,0.05
6927617,ACMESOLAR,ACME SOLAR HOLDINGS,1,0.05
1427969,ACUTAAS,ACUTAAS CHEMICALS,1,0.1
2615553,ADANIENSOL,ADANI ENERGY SOLUTION,1,0.1
6401,ADANIENT,ADANI ENTERPRISES,1,0.1
912129,ADANIGREEN,ADANI GREEN ENERGY,1,0.1
3861249,ADANIPORTS,ADANI PORT & SEZ,1,0.1
4451329,ADANIPOWER,ADANI POWER,1,0.01
10241,AEGISLOG,AEGIS LOGISTICS,1,0.05
193878017,AEGISVOPAK,AEGIS VOPAK TERMINALS,1,0.01
6650113,AFCONS,AFCONS INFRASTRUCTURE,1,0.05
2903809,AFFLE,AFFLE 3I,1,0.1
3350017,AIAENG,AIA ENGINEERING,1,0.1
6029569,AIIL,AUTHUM INVEST & INFRA,1,0.05
2079745,AJANTPHARM,AJANTA PHARMA,1,0.1
2995969,ALKEM,ALKEM LABORATORIES,1,0.5
303361,AMBER,AMBER ENTERPRISES (I),1,0.5
325121,AMBUJACEM,AMBUJA CEMENTS,1,0.05
1829121,ANANDRATHI,ANAND RATHI WEALTH,1,0.1
3486721,ANANTRAJ,ANANT RAJ,1,0.05
82945,ANGELONE,ANGEL ONE,1,0.05
194018561,ANTHEM,ANTHEM BIOSCIENCES,1,0.05
724225,ANURAS,ANUPAM RASAYAN INDIA,1,0.1
2941697,APARINDS,APAR INDUSTRIES,1,1.0
6599681,APLAPOLLO,APL APOLLO TUBES,1,0.1
40193,APOLLOHOSP,APOLLO HOSPITALS ENTER. L,1,0.5
41729,APOLLOTYRE,APOLLO TYRES,1,0.05
1391361,APTUS,APTUS VALUE HSG FIN I,1,0.05
25601,ARE&M,AMARA RAJA ENERGY MOB,1,0.05
1376769,ASAHIINDIA,ASAHI INDIA GLASS,1,0.05
54273,ASHOKLEY,ASHOK LEYLAND,1,0.01
60417,ASIANPAINT,ASIAN PAINTS,1,0.1
386049,ASTERDM,ASTER DM HEALTHCARE,1,0.05
3691009,ASTRAL,ASTRAL,1,0.1
1552897,ATGL,ADANI TOTAL GAS,1,0.05
193957121,ATHERENERG,ATHER ENERGY,1,0.05
67329,ATUL,ATUL,1,0.5
5436929,AUBANK,AU SMALL FINANCE BANK,1,0.05
70401,AUROPHARMA,AUROBINDO PHARMA,1,0.1
2076161,AWL,AWL AGRI BUSINESS,1,0.01
1510401,AXISBANK,AXIS BANK,1,0.1
4267265,BAJAJ-AUTO,BAJAJ AUTO,1,1.0
4268801,BAJAJFINSV,BAJAJ FINSERV,1,0.1
6469121,BAJAJHFL,BAJAJ HOUSING FINANCE,1,0.01
78081,BAJAJHLDNG,BAJAJ HOLDINGS & INVS,1,1.0
81153,BAJFINANCE,BAJAJ FINANCE,1,0.05
85761,BALKRISIND,BALKRISHNA IND.,1,0.1
87297,BALRAMCHIN,BALRAMPUR CHINI MILLS,1,0.05
579329,BANDHANBNK,BANDHAN BANK,1,0.01
1195009,BANKBARODA,BANK OF BARODA,1,0.05
1214721,BANKINDIA,BANK OF INDIA,1,0.01
94977,BATAINDIA,BATA INDIA,1,0.05
4589313,BAYERCROP,BAYER CROPSCIENCE,1,0.1
97281,BBTC,BOMBAY BURMAH TRADING COR,1,0.1
548865,BDL,BHARAT DYNAMICS,1,0.1
98049,BEL,BHARAT ELECTRONICS,1,0.05
193818113,BELRISE,BELRISE INDUSTRIES,1,0.01
101121,BEML,BEML,1,0.1
103425,BERGEPAINT,BERGER PAINTS (I),1,0.05
108033,BHARATFORG,BHARAT FORGE,1,0.1
2714625,BHARTIARTL,BHARTI AIRTEL,1,0.1
6013185,BHARTIHEXA,BHARTI HEXACOM,1,0.1
112129,BHEL,BHEL,1,0.05
3063297,BIKAJI,BIKAJI FOODS INTERN,1,0.05
2911489,BIOCON,BIOCON,1,0.05
4423425,BLS,BLS INTL SERVS,1,0.05
126721,BLUEDART,BLUE DART EXPRESS,1,0.1
5039617,BLUEJET,BLUE JET HEALTHCARE,1,0.05
2127617,BLUESTARCO,BLUE STAR,1,0.1
558337,BOSCHLTD,BOSCH,1,5.0
134657,BPCL,BHARAT PETROLEUM CORP  LT,1,0.05
3887105,BRIGADE,BRIGADE ENTER.,1,0.05
140033,BRITANNIA,BRITANNIA INDUSTRIES,1,0.5
5013761,BSE,BSE,1,0.1
1790465,BSOFT,BIRLASOFT,1,0.05
87553,CAMS,COMPUTER AGE MNGT SER,1,0.05
2763265,CANBK,CANARA BANK,1,0.01
149249,CANFINHOME,CAN FIN HOMES,1,0.05
194426113,CANHLIFE,CANARA HSBC LIFE INS CO L,1,0.01
999937,CAPLIPOINT,CAPLIN POINT LAB,1,0.1
152321,CARBORUNIV,CARBORUNDUM UNIVERSAL,1,0.1
1384193,CARTRADE,CARTRADE TECH,1,0.1
320001,CASTROLIND,CASTROL INDIA,1,0.01
2931713,CCL,CCL PRODUCTS (I),1,0.1
5420545,CDSL,CENTRAL DEPO SER (I),1,0.1
3905025,CEATLTD,CEAT,1,0.1
1439233,CEMPRO,CEMINDIA PROJECTS,1,0.1
3812865,CENTRALBK,CENTRAL BANK OF INDIA,1,0.01
160769,CESC,CESC,1,0.01
5204225,CGCL,CAPRI GLOBAL CAPITAL,1,0.01
194561,CGPOWER,CG POWER AND IND SOL,1,0.05
2187777,CHALET,CHALET HOTELS,1,0.05
163073,CHAMBLFERT,CHAMBAL FERTILIZERS,1,0.05
524545,CHENNPETRO,CHENNAI PETROLEUM CORP LT,1,0.1
2269697,CHOICEIN,CHOICE INTERNATIONAL,1,0.05
175361,CHOLAFIN,CHOLAMANDALAM IN & FIN CO,1,0.1
5565441,CHOLAHLDNG,CHOLAMANDALAM FIN HOL,1,0.1
3823873,CIEINDIA,CIE AUTOMOTIVE INDIA,1,0.05
177665,CIPLA,CIPLA,1,0.1
1292545,CLEAN,CLEAN SCIENCE & TECH,1,0.05
5215745,COALINDIA,COAL INDIA,1,0.05
5506049,COCHINSHIP,COCHIN SHIPYARD,1,0.1
2955009,COFORGE,COFORGE,1,0.1
4593921,COHANCE,COHANCE LIFESCIENCES,1,0.05
3876097,COLPAL,COLGATE PALMOLIVE,1,0.1
1215745,CONCOR,CONTAINER CORP OF IND,1,0.05
4623361,CONCORDBIO,CONCORD BIOTECH,1,0.1
189185,COROMANDEL,COROMANDEL INTERNTL.,1,0.1
194267649,CPPLUS,ADITYA INFOTECH,1,0.1
730625,CRAFTSMAN,CRAFTSMAN AUTOMATION,1,0.5
1131777,CREDITACC,CREDITACCESS GRAMEEN,1,0.1
193793,CRISIL,CRISIL,1,0.1
4376065,CROMPTON,CROMPT GREA CON ELEC,1,0.05
1459457,CUB,CITY UNION BANK,1,0.05
486657,CUMMINSIND,CUMMINS INDIA,1,0.5
1471489,CYIENT,CYIENT,1,0.05
197633,DABUR,DABUR INDIA,1,0.05
2067201,DALBHARAT,DALMIA BHARAT,1,0.1
1883649,DATAPATTNS,DATA PATTERNS INDIA,1,0.1
207617,DCMSHRIRAM,DCM SHRIRAM,1,0.1
211713,DEEPAKFERT,DEEPAK FERTILIZERS & PETR,1,0.1
5105409,DEEPAKNTR,DEEPAK NITRITE,1,0.1
2457345,DELHIVERY,DELHIVERY,1,0.05
1375489,DEVYANI,DEVYANI INTERNATIONAL,1,0.01
2800641,DIVISLAB,DIVI S LABORATORIES,1,0.5
5552641,DIXON,DIXON TECHNO (INDIA),1,1.0
3771393,DLF,DLF,1,0.05
5097729,DMART,AVENUE SUPERMARTS,1,0.1
5261057,DOMS,DOMS INDUSTRIES,1,0.1
225537,DRREDDY,DR. REDDY S LABORATORIES,1,0.1
3885825,ECLERX,ECLERX SERVICES,1,0.1
232961,EICHERMOT,EICHER MOTORS,1,0.5
234497,EIDPARRY,EID PARRY INDIA,1,0.05
235265,EIHOTEL,EIH - OBEROI HOTELS,1,0.05
3492609,ELECON,ELECON ENG. CO.,1,0.05
239873,ELGIEQUIP,ELGI EQUIPMENTS,1,0.05
3460353,EMAMILTD,EMAMI,1,0.05
6245889,EMCURE,EMCURE PHARMACEUTICALS L,1,0.1
194490369,EMMVEE,EMMVEE PHOTOVOLTAIC PWR L,1,0.05
4818433,ENDURANCE,ENDURANCE TECHNO.,1,0.1
1256193,ENGINERSIN,ENGINEERS INDIA,1,0.01
193758977,ENRIN,SIEMENS ENERGY INDIA,1,0.1
5415425,ERIS,ERIS LIFESCIENCES,1,0.1
245249,ESCORTS,ESCORTS KUBOTA,1,0.1
1304833,ETERNAL,ETERNAL - ZOMATO,1,0.05
173057,EXIDEIND,EXIDE INDUSTRIES,1,0.05
258049,FACT,FACT,1,0.05
261889,FEDERALBNK,FEDERAL BANK,1,0.05
265729,FINCABLES,FINOLEX CABLES,1,0.1
6352385,FIRSTCRY,BRAINBEES SOLUTIONS,1,0.01
3080193,FIVESTAR,FIVE-STAR BUS FIN,1,0.05
3520001,FLUOROCHEM,GUJARAT FLUOROCHEM,1,0.1
2962689,FORCEMOT,FORCE MOTORS,1,1.0
3735553,FORTIS,FORTIS HEALTHCARE,1,0.05
3661825,FSL,FIRSTSOURCE SOLU.,1,0.05
277761,GABRIEL,GABRIEL INDIA,1,0.1
1207553,GAIL,GAIL (INDIA),1,0.01
3414273,GALLANTT,GALLANTT ISPAT,1,0.05
3526657,GESHIP,THE GE SHPG.LTD,1,0.1
70913,GICRE,GENERAL INS CORP OF INDIA,1,0.05
403457,GILLETTE,GILLETTE INDIA,1,0.5
303617,GLAND,GLAND PHARMA,1,0.1
295169,GLAXO,GLAXOSMITHKLINE PHARMA LT,1,0.1
1895937,GLENMARK,GLENMARK PHARMACEUTICALS,1,0.1
1332225,GMDCLTD,GUJARAT MINERAL DEV CORP,1,0.05
3463169,GMRAIRPORT,GMR AIRPORTS,1,0.01
302337,GODFRYPHLP,GODFREY PHILLIPS INDIA LT,1,0.1
6092545,GODIGIT,GO DIGIT GENERAL INS,1,0.05
2585345,GODREJCP,GODREJ CONSUMER PRODUCTS,1,0.1
2796801,GODREJIND,GODREJ INDUSTRIES,1,0.1
4576001,GODREJPROP,GODREJ PROPERTIES,1,0.1
3432705,GPIL,GODAWARI POW & ISP,1,0.05
3039233,GRANULES,GRANULES INDIA,1,0.05
151553,GRAPHITE,GRAPHITE INDIA,1,0.05
315393,GRASIM,GRASIM INDUSTRIES,1,0.1
5256705,GRAVITA,GRAVITA INDIA,1,0.1
194510337,GROWW,BILLIONBRAINS GARAGE VN L,1,0.01
1401601,GRSE,GARDEN REACH SHIP&ENG,1,0.1
4296449,GVT&D,GE VERNOVA T&D INDIA,1,0.5
589569,HAL,HINDUSTAN AERONAUTICS,1,0.1
2513665,HAVELLS,HAVELLS INDIA,1,0.1
3575297,HBLENGINE,HBL ENGINEERING,1,0.05
1850625,HCLTECH,HCL TECHNOLOGIES,1,0.1
193989633,HDBFS,HDB FINANCIAL SERVICES L,1,0.05
1086465,HDFCAMC,HDFC AMC,1,0.1
341249,HDFCBANK,HDFC BANK,1,0.05
119553,HDFCLIFE,HDFC LIFE INS CO,1,0.05
342017,HEG,HEG,1,0.05
345089,HEROMOTOCO,HERO MOTOCORP,1,0.1
7594497,HEXT,HEXAWARE TECHNOLOGIES,1,0.05
5619457,HFCL,HFCL,1,0.01
348929,HINDALCO,HINDALCO  INDUSTRIES ,1,0.1
4592385,HINDCOPPER,HINDUSTAN COPPER,1,0.05
359937,HINDPETRO,HINDUSTAN PETROLEUM CORP,1,0.05
356865,HINDUNILVR,HINDUSTAN UNILEVER,1,0.1
364545,HINDZINC,HINDUSTAN ZINC,1,0.05
526337,HOMEFIRST,HOME FIRST FIN CO IND,1,0.1
5072129,HONASA,HONASA CONSUMER - MAMAEARTH,1,0.05
874753,HONAUT,HONEYWELL AUTOMATION IND,1,5.0
3669505,HSCL,HIMADRI SPECIALITY CHEM L,1,0.05
5331201,HUDCO,HSG & URBAN DEV CORPN,1,0.01
6616065,HYUNDAI,HYUNDAI MOTOR INDIA,1,0.1
194664193,ICICIAMC,ICICI PRUDENTIAL AMC,1,0.1
1270529,ICICIBANK,ICICI BANK,1,0.1
5573121,ICICIGI,ICICI LOMBARD GIC,1,0.1
4774913,ICICIPRULI,ICICI PRU LIFE INS CO,1,0.05
377857,IDBI,IDBI BANK,1,0.01
3677697,IDEA,VODAFONE IDEA,1,0.01
2863105,IDFCFIRSTB,IDFC FIRST BANK,1,0.01
56321,IEX,INDIAN ENERGY EXC,1,0.01
381697,IFCI,IFCI,1,0.01
7264769,IGIL,INTL GEMOLOGICAL INST,1,0.05
2883073,IGL,INDRAPRASTHA GAS,1,0.01
3023105,IIFL,IIFL FINANCE,1,0.05
7200001,IKS,INVENTURUS KNOWLEDGE SO L,1,0.1
6065409,INDGN,INDEGENE,1,0.05
387073,INDHOTEL,THE INDIAN HOTELS CO.,1,0.05
387841,INDIACEM,THE INDIA CEMENTS,1,0.05
2745857,INDIAMART,INDIAMART INTERMESH,1,0.1
3663105,INDIANB,INDIAN BANK,1,0.05
2865921,INDIGO,INTERGLOBE AVIATION,1,0.1
1346049,INDUSINDBK,INDUSIND BANK,1,0.05
7458561,INDUSTOWER,INDUS TOWERS,1,0.05
408065,INFY,INFOSYS,1,0.1
2010113,INOXWIND,INOX WIND,1,0.01
1517057,INTELLECT,INTELLECT DESIGN ARENA,1,0.05
2393089,IOB,INDIAN OVERSEAS BANK,1,0.01
415745,IOC,INDIAN OIL CORP,1,0.01
418049,IPCALAB,IPCA LABORATORIES,1,0.1
3920129,IRB,IRB INFRA DEV,1,0.01
1276417,IRCON,IRCON INTERNATIONAL,1,0.01
3484417,IRCTC,INDIAN RAIL TOUR CORP,1,0.05
5186817,IREDA,INDIAN RENEWABLE ENERGY,1,0.01
519425,IRFC,INDIAN RAILWAY FIN CORP L,1,0.01
424961,ITC,ITC,1,0.05
7488257,ITCHOTELS,ITC HOTELS,1,0.01
428801,ITI,ITI,1,0.05
1442049,J&KBANK,J & K BANK,1,0.01
194366465,JAINREC,JAIN RESOURCE RECYCLING L,1,0.05
441857,JBCHEPHARM,J B CHEMICALS AND PHARMA,1,0.1
2983681,JBMA,JBM AUTO,1,0.05
774145,JINDALSAW,JINDAL SAW,1,0.01
1723649,JINDALSTEL,JINDAL STEEL,1,0.1
4644609,JIOFIN,JIO FIN SERVICES,1,0.01
3397121,JKCEMENT,JK CEMENT,1,0.5
3695361,JKTYRE,JK TYRE & INDUSTRIES,1,0.05
3491073,JMFINANCIL,JM FINANCIAL,1,0.01
3011329,JPPOWER,JAIPRAKASH POWER VEN.,1,0.01
2876417,JSL,JINDAL STAINLESS,1,0.05
194165761,JSWCEMENT,JSW CEMENT,1,0.01
375553,JSWDULUX,JSW DULUX,1,0.1
4574465,JSWENERGY,JSW ENERGY,1,0.05
4869121,JSWINFRA,JSW INFRASTRUCTURE,1,0.05
3001089,JSWSTEEL,JSW STEEL,1,0.1
4632577,JUBLFOOD,JUBILANT FOODWORKS,1,0.05
712449,JUBLINGREA,JUBILANT INGREVIA,1,0.05
931073,JUBLPHARMA,JUBILANT PHARMOVA,1,0.05
5177345,JWL,JUPITER WAGONS,1,0.05
5461505,JYOTICNC,JYOTI CNC AUTOMATION,1,0.05
462849,KAJARIACER,KAJARIA CERAMICS,1,0.1
756481,KALYANKJIL,KALYAN JEWELLERS IND,1,0.05
470529,KARURVYSYA,KARUR VYSYA BANK,1,0.05
3095553,KAYNES,KAYNES TECHNOLOGY IND,1,0.1
3394561,KEC,KEC INTL.,1,0.05
3407361,KEI,KEI INDUSTRIES,1,0.5
3419905,KFINTECH,KFIN TECHNOLOGIES,1,0.05
1240833,KIMS,KRISHNA INST OF MED SCI L,1,0.05
5359617,KIRLOSENG,KIRLOSKAR OIL ENG,1,0.1
492033,KOTAKBANK,KOTAK MAHINDRA BANK,1,0.05
464385,KPIL,KALPATARU PROJECT INT,1,0.1
2478849,KPITTECH,KPIT TECHNOLOGIES,1,0.05
3817473,KPRMILL,KPR MILL,1,0.05
2983425,LALPATHLAB,DR. LAL PATH LABS,1,0.1
1745409,LATENTVIEW,LATENT VIEW ANALYTICS,1,0.05
4923905,LAURUSLABS,LAURUS LABS,1,0.1
667137,LEMONTREE,LEMON TREE HOTELS,1,0.01
194458881,LENSKART,LENSKART SOLUTIONS,1,0.05
194614529,LGEINDIA,LG ELECTRONICS INDIA,1,0.1
511233,LICHSGFIN,LIC HOUSING FINANCE,1,0.05
2426881,LICI,LIFE INSURA CORP OF INDIA,1,0.05
416513,LINDEINDIA,LINDE INDIA,1,0.5
4432129,LLOYDSME,LLOYDS METALS N ENERGY L,1,0.1
824321,LODHA,LODHA DEVELOPERS,1,0.05
2939649,LT,LARSEN & TOUBRO,1,0.1
6386689,LTF,L&T FINANCE,1,0.05
3536897,LTFOODS,LT FOODS,1,0.05
4561409,LTM,LTM,1,0.1
4752385,LTTS,L&T TECHNOLOGY SER.,1,0.1
2672641,LUPIN,LUPIN,1,0.1
519937,M&M,MAHINDRA & MAHINDRA,1,0.1
3400961,M&MFIN,M&M FIN. SERVICES,1,0.05
2912513,MAHABANK,BANK OF MAHARASHTRA,1,0.01
4879617,MANAPPURAM,MANAPPURAM FINANCE,1,0.05
3937281,MANKIND,MANKIND PHARMA,1,0.1
1850113,MAPMYINDIA,C.E. INFO SYSTEMS,1,0.05
1041153,MARICO,MARICO,1,0.05
2815745,MARUTI,MARUTI SUZUKI INDIA,1,1.0
5728513,MAXHEALTH,MAX HEALTHCARE INS,1,0.05
130305,MAZDOCK,MAZAGON DOCK SHIPBUIL,1,0.1
7982337,MCX,MULTI COMMODITY EXCHANGE,1,0.1
3060737,MEDANTA,GLOBAL HEALTH,1,0.1
194618625,MEESHO,MEESHO,1,0.01
548353,MFSL,MAX FINANCIAL SERV,1,0.1
4488705,MGL,MAHANAGAR GAS,1,0.1
6629633,MINDACORP,MINDA CORPORATION,1,0.05
4596993,MMTC,MMTC,1,0.01
1076225,MOTHERSON,SAMVRDHNA MTHRSN INTL,1,0.01
3826433,MOTILALOFS,MOTILAL OSWAL FIN,1,0.05
1152769,MPHASIS,MPHASIS,1,0.1
582913,MRF,MRF,1,5.0
584449,MRPL,MRPL,1,0.01
2200577,MSUMI,MOTHERSON SUMI WRNG IND L,1,0.01
6054401,MUTHOOTFIN,MUTHOOT FINANCE,1,0.1
91393,NAM-INDIA,NIPPON L I A M,1,0.1
1003009,NATCOPHARM,NATCO PHARMA,1,0.1
1629185,NATIONALUM,NATIONAL ALUMINIUM CO - NALCO,1,0.05
3520257,NAUKRI,INFO EDGE (I),1,0.05
1027585,NAVA,NAVA,1,0.05
3756033,NAVINFLUOR,NAVIN FLUORINE INT.,1,0.5
8042241,NBCC,NBCC (INDIA),1,0.01
593665,NCC,NCC,1,0.01
4598529,NESTLEIND,NESTLE INDIA,1,0.1
4462849,NETWEB,NETWEB TECH INDIA,1,0.1
615937,NEULANDLAB,NEULAND LAB,1,1.0
297985,NEWGEN,NEWGEN SOFTWARE TECH,1,0.05
3031041,NH,NARAYANA HRUDAYALAYA,1,0.1
4454401,NHPC,NHPC,1,0.01
102145,NIACL,THE NEW INDIA ASSU CO,1,0.01
6936833,NIVABUPA,NIVA BUPA HEALTH INS CO L,1,0.01
2197761,NLCINDIA,NLC INDIA,1,0.05
3924993,NMDC,NMDC,1,0.01
3630081,NSLNISP,NMDC STEEL,1,0.01
2977281,NTPC,NTPC,1,0.05
6957057,NTPCGREEN,NTPC GREEN ENERGY,1,0.01
4792577,NUVAMA,NUVAMA WEALTH MANAGE,1,0.1
1389057,NUVOCO,NUVOCO VISTAS CORP,1,0.05
1675521,NYKAA,FSN E COMMERCE VENTURES,1,0.05
5181953,OBEROIRLTY,OBEROI REALTY,1,0.1
2748929,OFSS,ORACLE FIN SERV SOFT,1,0.5
4464129,OIL,OIL INDIA,1,0.05
6342913,OLAELEC,OLA ELECTRIC MOBILITY,1,0.01
2723073,OLECTRA,OLECTRA GREENTECH,1,0.1
7481345,ONESOURCE,ONESOURCE SPECL PHARMA L,1,0.1
633601,ONGC,OIL AND NATURAL GAS CORP.,1,0.05
3689729,PAGEIND,PAGE INDUSTRIES,1,5.0
2493697,PARADEEP,PARADEEP PHOSPHATES,1,0.01
4359425,PATANJALI,PATANJALI FOODS,1,0.05
1716481,PAYTM,ONE 97 COMMUNICATIONS,1,0.1
678145,PCBL,PCBL CHEMICAL,1,0.05
4701441,PERSISTENT,PERSISTENT SYSTEMS,1,0.5
2905857,PETRONET,PETRONET LNG,1,0.05
3660545,PFC,POWER FIN CORP,1,0.05
676609,PFIZER,PFIZER,1,0.1
6491649,PGEL,PG ELECTROPLAST,1,0.05
3725313,PHOENIXLTD,THE PHOENIX MILLS,1,0.1
681985,PIDILITIND,PIDILITE INDUSTRIES,1,0.1
6191105,PIIND,PI INDUSTRIES,1,0.1
194513921,PINELABS,PINE LABS,1,0.01
194445057,PIRAMALFIN,PIRAMAL FINANCE,1,0.1
2730497,PNB,PUNJAB NATIONAL BANK,1,0.01
4840449,PNBHOUSING,PNB HOUSING FIN,1,0.1
1703937,POLICYBZR,PB FINTECH,1,0.1
2455041,POLYCAB,POLYCAB INDIA,1,0.5
6583809,POLYMED,POLY MEDICURE,1,0.1
2919169,POONAWALLA,POONAWALLA FINCORP,1,0.05
3834113,POWERGRID,POWER GRID CORP.,1,0.05
4724993,POWERINDIA,HITACHI ENERGY INDIA,1,5.0
2962177,PPLPHARMA,PIRAMAL PHARMA,1,0.01
6412545,PREMIERENE,PREMIER ENERGIES,1,0.1
5197313,PRESTIGE,PRESTIGE ESTATE,1,0.1
4270593,PTCIL,PTC INDUSTRIES,1,1.0
3365633,PVRINOX,PVR INOX,1,0.05
194489089,PWL,PHYSICSWALLAH,1,0.01
2813441,RADICO,RADICO KHAITAN,1,0.1
622337,RAILTEL,RAILTEL CORP OF IND,1,0.05
2408449,RAINBOW,RAINBOW CHILDRENS MED,1,0.1
523009,RAMCOCEM,THE RAMCO CEMENTS,1,0.05
4708097,RBLBANK,RBL BANK,1,0.05
3930881,RECLTD,REC,1,0.05
3649281,REDINGTON,REDINGTON,1,0.01
738561,RELIANCE,RELIANCE INDUSTRIES,1,0.1
7977729,RHIM,RHI MAGNESITA INDIA,1,0.05
962817,RITES,RITES,1,0.01
2921217,RKFORGE,RAMKRISHNA FORGINGS,1,0.05
3906305,RPOWER,RELIANCE POWER,1,0.01
4752897,RRKABEL,R R KABEL,1,0.1
2445313,RVNL,RAIL VIKAS NIGAM,1,0.01
6925313,SAGILITY,SAGILITY,1,0.01
758529,SAIL,STEEL AUTHORITY OF INDIA,1,0.01
7126785,SAILIFE,SAI LIFE SCIENCES,1,0.1
7712001,SAMMAANCAP,SAMMAAN CAPITAL,1,0.01
1719809,SAPPHIRE,SAPPHIRE FOODS INDIA,1,0.01
4546049,SARDAEN,SARDA ENERGY & MIN,1,0.05
1252353,SAREGAMA,SAREGAMA INDIA,1,0.05
4614657,SBFC,SBFC FINANCE,1,0.01
4600577,SBICARD,SBI CARDS & PAY SER,1,0.05
5582849,SBILIFE,SBI LIFE INSURANCE CO,1,0.1
779521,SBIN,STATE BANK OF INDIA,1,0.05
258817,SCHAEFFLER,SCHAEFFLER INDIA,1,0.1
7995905,SCHNEIDER,SCHNEIDER ELECTRIC INFRA,1,0.1
780289,SCI,SHIPPING CORP OF INDIA LT,1,0.05
794369,SHREECEM,SHREE CEMENT,1,5.0
1102337,SHRIRAMFIN,SHRIRAM FINANCE,1,0.05
1201409,SHYAMMETL,SHYAM METALICS AND ENGY L,1,0.05
806401,SIEMENS,SIEMENS,1,0.1
4798209,SIGNATURE,SIGNATUREGLOBAL INDIA,1,0.05
4834049,SJVN,SJVN,1,0.01
3539457,SOBHA,SOBHA,1,0.1
3412993,SOLARINDS,SOLAR INDUSTRIES (I),1,1.0
1199105,SONACOMS,SONA BLW PRECISION FRGS L,1,0.05
1688577,SONATSOFTW,SONATA SOFTWARE,1,0.05
2461953,SPLPETRO,SUPREME PETROCHEM,1,0.05
837889,SRF,SRF,1,0.1
1813249,STARHEALTH,STAR HEALTH & AL INS CO L,1,0.05
4378881,SUMICHEM,SUMITOMO CHEM INDIA,1,0.05
854785,SUNDARMFIN,SUNDARAM FINANCE,1,0.1
857857,SUNPHARMA,SUN PHARMACEUTICAL IND L,1,0.1
3431425,SUNTV,SUN TV NETWORK,1,0.05
860929,SUPREMEIND,SUPREME INDUSTRIES,1,0.1
3076609,SUZLON,SUZLON ENERGY,1,0.01
6936321,SWANCORP,SWAN CORP,1,0.05
6928897,SWIGGY,SWIGGY,1,0.05
2622209,SYNGENE,SYNGENE INTERNATIONAL,1,0.05
2763009,SYRMA,SYRMA SGS TECHNOLOGY,1,0.1
3884545,TARIL,TRANS & RECTI.,1,0.05
194371841,TATACAP,TATA CAPITAL,1,0.05
871681,TATACHEM,TATA CHEMICALS,1,0.05
952577,TATACOMM,TATA COMMUNICATIONS,1,0.1
878593,TATACONSUM,TATA CONSUMER PRODUCT,1,0.1
873217,TATAELXSI,TATA ELXSI,1,0.1
414977,TATAINVEST,TATA INVESTMENT CORP,1,0.05
877057,TATAPOWER,TATA POWER CO,1,0.05
895745,TATASTEEL,TATA STEEL,1,0.01
5195009,TATATECH,TATA TECHNOLOGIES,1,0.05
6077441,TBOTEK,TBO TEK,1,0.1
2953217,TCS,TATA CONSULTANCY SERV LT,1,0.1
3465729,TECHM,TECH MAHINDRA,1,0.1
1649921,TECHNOE,TECHNO ELEC & ENG CO.,1,0.1
1818881,TEGA,TEGA INDUSTRIES,1,0.1
5409537,TEJASNET,TEJAS NETWORKS,1,0.05
194529281,TENNIND,TENNECO CLEAN AIR INDIA L,1,0.05
193795585,THELEELA,LEELA PALACES HOTEL,1,0.05
889601,THERMAX,THERMAX,1,0.1
79873,TIINDIA,TUBE INVEST OF INDIA,1,0.1
3634689,TIMKEN,TIMKEN INDIA,1,0.1
3945985,TITAGARH,TITAGARH RAIL SYSTEMS,1,0.05
897537,TITAN,TITAN COMPANY,1,0.1
194504193,TMCV,TATA MOTORS,1,0.05
884737,TMPV,TATA MOTORS PASS VEH,1,0.05
900609,TORNTPHARM,TORRENT PHARMACEUTICALS L,1,0.1
3529217,TORNTPOWER,TORRENT POWER,1,0.1
193931521,TRAVELFOOD,TRAVEL FOOD SERVICES,1,0.1
502785,TRENT,TRENT,1,0.1
2479361,TRIDENT,TRIDENT,1,0.01
6549505,TRITURBINE,TRIVENI TURBINE,1,0.05
2292225,TTML,TATA TELESERV(MAHARASTRA),1,0.01
2170625,TVSMOTOR,TVS MOTOR COMPANY ,1,0.1
4278529,UBL,UNITED BREWERIES,1,0.1
2873089,UCOBANK,UCO BANK,1,0.01
2952193,ULTRACEMCO,ULTRATECH CEMENT,1,1.0
2752769,UNIONBANK,UNION BANK OF INDIA,1,0.01
2674433,UNITDSPR,UNITED SPIRITS,1,0.1
3623425,UNOMINDA,UNO MINDA,1,0.1
2889473,UPL,UPL,1,0.05
194325505,URBANCO,URBAN COMPANY,1,0.01
2263041,USHAMART,USHA MARTIN,1,0.05
134913,UTIAMC,UTI ASSET MNGMT CO,1,0.05
4843777,VBL,VARUN BEVERAGES,1,0.05
784129,VEDL,VEDANTA,1,0.05
1429761,VIJAYA,VIJAYA DIAGNOSTIC CEN,1,0.1
7160065,VMM,VISHAL MEGA MART,1,0.01
951809,VOLTAS,VOLTAS,1,0.1
530689,VTL,VARDHMAN TEXTILES,1,0.05
6632193,WAAREEENER,WAAREE ENERGIES,1,0.1
3026177,WELCORP,WELSPUN CORP,1,0.1
2880769,WELSPUNLIV,WELSPUN LIVING,1,0.01
4610817,WHIRLPOOL,WHIRLPOOL OF INDIA,1,0.05
969473,WIPRO,WIPRO,1,0.01
1921537,WOCKPHARMA,WOCKHARDT,1,0.1
3050241,YESBANK,YES BANK,1,0.01
975873,ZEEL,ZEE ENTERTAINMENT ENT,1,0.01
275457,ZENSARTECH,ZENSAR TECHNOLOGIES ,1,0.05
1922049,ZENTEC,ZEN TECHNOLOGIES,1,0.1
4330241,ZFCVINDIA,ZF COM VE CTR SYS IND,1,1.0
2029825,ZYDUSLIFE,ZYDUS LIFESCIENCES,1,0.1
4514561,ZYDUSWELL,ZYDUS WELLNESS,1,0.05
